use gerenciamentodecurso;
#ENDERECO
insert into endereco (cep, pais, estado, cidade, bairro, rua) values('11111-111', 'Brasil', 'Bahia', 'Salvador', 'Águas Claras', 'Vilma Moreira');
insert into endereco (cep, pais, estado, cidade, bairro, rua) values('22222-222', 'Brasil', 'Pernambuco', 'Recife', 'Casa Amarela', 'Mandacaru');
insert into endereco (cep, pais, estado, cidade, bairro, rua) values('33333-333', 'Brasil', 'Bahia', 'Salvador', 'Alto Cabrito', 'Cabritolândia');
insert into endereco (cep, pais, estado, cidade, bairro, rua) values('44444-444', 'Brasil', 'Pernambuco', 'Fortaleza', 'Centro', 'Senador Pompeu');
insert into endereco (cep, pais, estado, cidade, bairro, rua) values('55555-555', 'Portugal', 'Lisboa', 'Agualva-Cacém', 'Agualva-Cacém', 'Cabo Verde');

#USUARIO
insert into usuario(cpf, nome, sexo, telefone, email, senha, cep, numero, data_nasc) values ('11111111111', 'João1', 'M', '55 81 99111-1111', 'joao1@gmail.com', 'senhajoao1', '11111-111','111', '2000/01/20');
insert into usuario(cpf, nome, sexo, telefone, email, senha, cep, numero, data_nasc) values ('22222222222', 'João2', 'M', '55 81 99111-2222', 'joao2@gmail.com', 'senhajoao2', '22222-222','111', '1999/02/18');
insert into usuario(cpf, nome, sexo, telefone, email, senha, cep, numero, data_nasc) values ('33333333333', 'João3', 'M', '55 81 99111-3333', 'joao3@gmail.com', 'senhajoao3', '11111-111','222', '1998/03/16');
insert into usuario(cpf, nome, sexo, telefone, email, senha, cep, numero, data_nasc) values ('44444444444', 'João4', 'M', '55 81 99111-4444', 'joao4@gmail.com', 'senhajoao4', '33333-333','333', '2003/04/23');
insert into usuario(cpf, nome, sexo, telefone, email, senha, cep, numero, data_nasc) values ('55555555555', 'João5', 'M', '55 81 99111-5555', 'joao5@gmail.com', 'senhajoao5', '33333-333','222', '2000/05/29');
insert into usuario(cpf, nome, sexo, telefone, email, senha, cep, numero, data_nasc) values ('66666666666', 'João6', 'M', '55 81 99111-6666', 'joao6@gmail.com', 'senhajoao6', '11111-111',332, '1999/06/12');
insert into usuario(cpf, nome, sexo, telefone, email, senha, cep, numero, data_nasc) values ('77777777777', 'João7', 'M', '55 81 99111-7777', 'joao7@gmail.com', 'senhajoao7', '22222-222',223, '2001/07/04');
insert into usuario(cpf, nome, sexo, telefone, email, senha, cep, numero, data_nasc) values ('88888888888', 'João8', 'M', '55 81 99111-8888', 'joao8@gmail.com', 'senhajoao8', '44444-444','114', '1999/08/12');
insert into usuario(cpf, nome, sexo, telefone, email, senha, cep, numero, data_nasc) values ('99999999999', 'João9', 'M', '55 81 99111-9999', 'joao9@gmail.com', 'senhajoao9', '44444-444',110, '2002/09/27');
insert into usuario(cpf, nome, sexo, telefone, telefone_secundario, email, senha, cep, numero, data_nasc) values ('10101010101', 'João10', 'M', '55 81 99111-1010','55 81 99101-1921', 'joao10@gmail.com', 'senhajoao10', '33333-333','230', '2003/10/24');
insert into usuario(cpf, nome, sexo, telefone, email, senha, cep, numero, data_nasc) values ('10101010102', 'Maria1', 'F', '55 81 99111-1012', 'maria1@gmail.com', 'senhamaria1', '33333-333','111', '2000/01/09');
insert into usuario(cpf, nome, sexo, telefone, telefone_secundario, email, senha, cep, numero, data_nasc) values ('10101010103', 'Maria2', 'F', '55 81 99111-1013','55 81 99101-1922', 'maria2@gmail.com', 'senhamaria2', '44444-444','444', '1998/12/20');
insert into usuario(cpf, nome, sexo, telefone, telefone_secundario, email, senha, cep, numero, data_nasc) values ('10101010104', 'Maria3', 'F', '55 81 99111-1014','55 81 99101-1923', 'maria3@gmail.com', 'senhamaria3', '44444-444','430', '1998/01/15');
insert into usuario(cpf, nome, sexo, telefone, telefone_secundario, email, senha, cep, numero, data_nasc) values ('10101010105', 'Maria4', 'F', '35 15 99111-1015','35 15 99101-1924', 'maria4@gmail.com', 'senhamaria4', '55555-555','230', '1998/02/15');
insert into usuario(cpf, nome, sexo, telefone, email, senha, cep, numero, data_nasc) values ('10101010106', 'Maria5', 'F', '35 15 99111-1016', 'maria5@gmail.com', 'senhamaria5', '55555-555','310', '2001/05/14');
insert into usuario(cpf, nome, sexo, telefone, telefone_secundario, email, senha, cep, numero, data_nasc) values ('10101010107', 'Maria6', 'F', '55 81 99111-1016','55 81 99101-1925', 'maria6@gmail.com', 'senhamaria6', '55555-555','34', '2000/01/20');
insert into usuario(cpf, nome, sexo, telefone, telefone_secundario, email, senha, cep, numero, data_nasc) values ('10101010108', 'Maria7', 'F', '55 81 99111-1017','55 81 99101-1926', 'maria7@gmail.com', 'senhamaria7', '44444-444','444', '1998/12/20');
insert into usuario(cpf, nome, sexo, telefone, telefone_secundario, email, senha, cep, numero, data_nasc) values ('10101010109', 'Maria8', 'F', '55 81 99111-1018','55 81 99101-1927', 'maria8@gmail.com', 'senhamaria8', '33333-333','567', '1999/01/12');
insert into usuario(cpf, nome, sexo, telefone, telefone_secundario, email, senha, cep, numero, data_nasc) values ('10101010100', 'Maria9', 'F', '55 81 99111-1018','55 81 99101-1927', 'maria10@gmail.com', 'senhamaria8', '33333-333','562', '2000/11/10');


#Aluno
insert into aluno(cpf) values ('10101010102');
insert into aluno(cpf) values ('10101010103');
insert into aluno(cpf) values ('10101010101');
insert into aluno(cpf) values ('11111111111');
insert into aluno(cpf) values ('33333333333');
insert into aluno(cpf) values ('10101010109');
insert into aluno(cpf) values ('10101010108');
insert into aluno(cpf) values ('10101010100');


#Bonificacoes
insert into bonificacao(valor, data_boni, descricao) values(300, '2000/01/01', '5 horas extras');
insert into bonificacao(valor, data_boni) values(500, '2001/01/01');
insert into bonificacao(valor, data_boni, descricao) values(800, '2001/06/05', '10 horas extras');

#Empresas
insert into empresa(cnpj_empresa, razao_social) values('11111111111111','Prover Ambientes de Conhecimento');
insert into empresa(cnpj_empresa, razao_social) values('22222222222222','Estimular Educação');

#Filial
insert into filial(cnpj, razao_social, nome_fantasia, cnpj_empresa) values('11111111111111','Expandir Negocios', 'Cabeça Materlo','22222222222222');
insert into filial(cnpj, nome_fantasia, cnpj_empresa) values('11111111111123', 'Perna de Coelho','11111111111111');

#Unidades
insert into unidade(tipo, nome, cnpj) values('xxxxxxxx','Asgard','11111111111123');
insert into unidade(tipo, nome, cnpj) values('yyyyyyy','Vormir','11111111111111');

#Funcionario
insert into funcionario(cpf, salario, dt_contratacao, dt_fim_contratacao, id_unidade) values('22222222222', 1200.40, '2000/01/01', '2010/01/01',1);
insert into funcionario(cpf, salario, dt_contratacao, dt_fim_contratacao, id_boni, id_unidade) values('44444444444', 1300.00, '2002/01/01', '2010/01/01',1,2);
insert into funcionario(cpf, salario, dt_contratacao, id_boni, id_unidade) values('66666666666', 2000.40, '2001/01/01',2,1);
insert into funcionario(cpf, salario, dt_contratacao, id_boni, id_unidade) values('55555555555', 2000.40, '2001/01/01',1,1);
insert into funcionario(cpf, salario, dt_contratacao, id_boni, id_unidade) values('77777777777', 1200.40, '2002/01/01',2,2);
insert into funcionario(cpf, salario, dt_contratacao, id_unidade) values('88888888888', 1650.40, '2005/01/01',2);
insert into funcionario(cpf, salario, dt_contratacao, id_unidade) values('99999999999', 1490.60, '2005/01/01',2);
insert into funcionario(cpf, salario, dt_contratacao, id_unidade) values('10101010104', 900.00, '2000/06/01',1);
insert into funcionario(cpf, salario, dt_contratacao, dt_fim_contratacao, id_unidade) values('10101010105', 1000.40, '2000/01/01','2019/06/20',1);
insert into funcionario(cpf, salario, dt_contratacao, dt_fim_contratacao, id_boni, id_unidade) values('10101010106', 2500.00, '2003/01/01','2022/12/20',3,2);

#Periodo Letivo
insert into periodo_letivo(ano, data_inicio, data_final, semestre, calendario, obs) values(2005, '2005/01/01','2005/12/31',1,'xxxxxx','xxxxxxx');
insert into periodo_letivo(ano, data_inicio, data_final, semestre, calendario) values(2006,'2006/01/01','2006/06/30',1,'xxxxxxx');
insert into periodo_letivo(ano, data_inicio, data_final, semestre, calendario) values(2006, '2005/07/05','2006/12/28',2,'xxxxxx');

#Assunto
insert into assunto(descricao, nivel) values('algebra','alto');
insert into assunto(descricao) values('Integral');
insert into assunto(descricao, nivel) values('Banco de Dados','Absurdo');
insert into assunto(descricao, nivel) values('Derivadas','medio');

#area de conhecimento
insert into area_conhecimento(descricao, cod) values ('Algebra',1);
insert into area_conhecimento(descricao, cod) values ('Calculo',2);
insert into area_conhecimento(descricao, cod) values ('Banco de Dados',3);
insert into area_conhecimento(descricao, cod) values ('Calculo',4);

#Administrador
insert into administrador(cpf) values('88888888888');
insert into administrador(cpf) values('99999999999');

#Curso
insert into curso(nome, data_criacao, horario_funcionamento, cpf, id_unidade) values ('Licenciatura em Matematica','2005/01/01','13:00:00','88888888888',1);
insert into curso(nome, data_criacao, horario_funcionamento, cpf, id_unidade) values ('Licenciatura em Computação','2005/01/01','14:00:00','99999999999',2);

#Diciplinas
insert into disciplina (nome, ementa, num_creditos, codigo, curso) values('Programação','xxxxxxxxxxxxxxxx', 20,3,2);
insert into disciplina (nome, ementa, num_creditos, codigo, curso, id_disci_requisito) values('Programação 2','xxxxxxxxxxxxxxxx', 20,3,2,1);
insert into disciplina (nome, ementa, num_creditos, codigo, curso) values('Psicologia','xxxxxxxxxxxxxxxx', 20,2,1);
insert into disciplina (nome, ementa, num_creditos, codigo, curso, id_disci_requisito) values('Psicologia 2','xxxxxxxxxxxxxxxx', 20,2,1,3);
insert into disciplina (nome, ementa, num_creditos, codigo, curso) values('Psicologia','xxxxxxxxxxxxxxxx', 20,2,2);

#Professor
insert into professor(cpf) values('22222222222');
insert into professor(cpf) values('44444444444');
insert into professor(cpf) values('10101010104');
insert into professor(cpf) values('10101010105');
insert into professor(cpf) values('10101010106');

#Oferta Disciplina
insert into oferta_disciplina (id_disciplina, id_periodo, dia_1, dia_2, hora_1, hora_2, cpf) values (1,1,'segunda','quarta','18:30:00','20:10:00','22222222222');
insert into oferta_disciplina (id_disciplina, id_periodo, dia_1, dia_2, hora_1, hora_2, cpf) values (1,2,'terça','quinta','18:30:00','20:10:00','22222222222');
insert into oferta_disciplina (id_disciplina, id_periodo, dia_1, dia_2, hora_1, hora_2, cpf) values (2,1,'quinta','sexta','20:10:00','18:30:00','22222222222');
insert into oferta_disciplina (id_disciplina, id_periodo, dia_1, dia_2, hora_1, hora_2, cpf) values (5,1,'quinta','sexta','20:10:00','18:30:00','22222222222');

#Aluno_oferta_disciplina
insert into aluno_oferta_disciplina (id_disciplina, id_periodo, cpf, data_matricula) values(1,1,'10101010102','2005/10/02');
insert into aluno_oferta_disciplina (id_disciplina, id_periodo, cpf, data_matricula) values(2,1,'11111111111','2003/09/13');
insert into aluno_oferta_disciplina (id_disciplina, id_periodo, cpf, data_matricula) values(1,2,'33333333333','2009/11/10');

#Secretaria
insert into secretaria(cpf) values('55555555555');
insert into secretaria(cpf) values('77777777777');

#Monitor
insert into monitor(cpf) values('66666666666');

#Sala 
insert into sala(numero, capacidade) values (12, 20);
insert into sala(numero, capacidade) values (14, 25);
insert into sala(numero, capacidade) values (11, 10);

#Turma
insert into turma(nome, sigla, semestre, ano, turno, id_sala, quantidade_alunos) values ('1a','1a',1,'2005/01/01','manha',1,0);
insert into turma(nome, sigla, semestre, ano, turno, id_sala, quantidade_alunos) values ('2a','2a',1,'2005/01/01','tarde',2,0);
insert into turma(nome, sigla, semestre, ano, turno, id_sala, quantidade_alunos) values ('1a','1a',1,'2006/01/01','tarde',2,0);

#Aviso
insert into aviso(assunto, texto, data_aviso, validade_dias, cpf) values ('xxxxxx', 'Dispensados Hoje', '2006/01/01', 3,'22222222222');
insert into aviso(assunto, texto, data_aviso, validade_dias, cpf) values ('xxxxxx', 'Dispensados Amnha', '2006/01/01', 3,'66666666666');
insert into aviso(assunto, texto, data_aviso, validade_dias, cpf) values ('xxxxxx', 'Dispensados Depois de Amanha', '2006/06/12', 3,'55555555555');

#Aluno Matricula Curso
insert into aluno_matricula_curso (dt_inicio, data_fim, obs, doc_contrato, cpf , codigo_curso) values('2005/01/01','2005/12/31','xxxxxxxxxxxx','xxxxxxxxxx','33333333333',2);
insert into aluno_matricula_curso (dt_inicio, data_fim, obs, doc_contrato, cpf , codigo_curso) values('2005/01/01','2005/12/31','xxxxxxxxxxxx','xxxxxxxxxx','11111111111',1);
insert into aluno_matricula_curso (dt_inicio, data_fim, obs, doc_contrato, cpf , codigo_curso) values('2005/01/01','2005/12/31','xxxxxxxxxxxx','xxxxxxxxxx','10101010101',1);
insert into aluno_matricula_curso (dt_inicio, data_fim, obs, doc_contrato, cpf , codigo_curso) values('2005/01/01','2005/12/31','xxxxxxxxxxxx','xxxxxxxxxx','10101010102',2);
insert into aluno_matricula_curso (dt_inicio, data_fim, obs, doc_contrato, cpf , codigo_curso) values('2005/01/01','2005/12/31','xxxxxxxxxxxx','xxxxxxxxxx','10101010103',2);
insert into aluno_matricula_curso (dt_inicio, data_fim, obs, doc_contrato, cpf , codigo_curso) values('2005/01/01','2005/12/31','xxxxxxxxxxxx','xxxxxxxxxx','10101010109',2);
insert into aluno_matricula_curso (dt_inicio, data_fim, obs, doc_contrato, cpf , codigo_curso) values('2005/01/01','2005/12/31','xxxxxxxxxxxx','xxxxxxxxxx','10101010108',2);


insert into aluno_matricula_curso (dt_inicio, data_fim, obs, doc_contrato, cpf , codigo_curso) values('2005/01/01','2005/12/31','xxxxxxxxxxxx','xxxxxxxxxx','10101010100',2);

#Responsavel Financeiro
insert into responsavel_financeiro(nome, telefone, email, parentesco, cpf_aluno) values('Julio','55 81 99929-9090','julio@gmail.com', 'Tio','10101010102');
insert into responsavel_financeiro(nome, telefone, email, parentesco, cpf_aluno) values('Roberto','55 81 99929-9053','roberto@gmail.com', 'Avó','10101010103');
insert into responsavel_financeiro(nome, telefone, email, parentesco, cpf_aluno) values('Juliana','55 81 99929-9032','juilinha@gmail.com', 'Mae','11111111111');

#Pacote Matricula
insert into pacote_matricula(descricao,dt_inicio,tipo, validade_meses,codigo, taxas_juros_dia) values('xxxxxxxxx','2006/06/12','xxx',2,2,4.0);
insert into pacote_matricula(descricao,dt_inicio,tipo, validade_meses,codigo, taxas_juros_dia) values('xxxxxxxxx','2006/03/12','xxx',3,1,6.0);

#Boleto
insert into boleto(carteira, data_venc,num,valor,data_emissao,codigo_do_banco,codigo_matricula) values('zzzzzzz','2006/07/15',7,200.00,'2006/07/02','xxxx',1);
insert into boleto(carteira, data_venc,num,valor,data_emissao,codigo_do_banco,codigo_matricula) values('zzzzzzz','2006/07/15',7,200.00,'2006/07/02','xxxx',5);
insert into boleto(carteira, data_venc,num,valor,data_emissao,codigo_do_banco,codigo_matricula) values('zssad','2019/06/24',5,400.00,'2019/06/12','xxxxxx',1);
#Avaliacao
insert into avaliacao(tipo, numero_questoes, obs) values("prova",10,'xxxxxx');
insert into avaliacao(tipo, numero_questoes, obs) values("vestibular",30,'xxxxxx');
insert into avaliacao(tipo, numero_questoes, obs) values("simulado",20,'xxxxxx');


#Questao
insert into questao(pergunta, tipo, cpf) values('O som é que tipo de onda','MultiplaEscolha','22222222222');

#alternativa
insert into alternativa(id, letra, descricao, eh_altern_correta) values(1,'a','EletroMagnetica','N');
insert into alternativa(id, letra, descricao, eh_altern_correta) values(1,'b','Mecanica','S');

#Material
insert into material(descricao, url, assunto, tipo) values('Lista 1','www.xxxxxxxxxxx.com','Banco','xxxxxx');
insert into material(descricao, url, assunto, tipo) values('Lista 1','www.xxxxxx.com','Algoritmo','xxxxxxx');
insert into material(descricao, url, assunto, tipo) values('Lista 2','www.xxxxxxxx.com','SQL','xxxxxxx');

#Rede Social
insert into redes_sociais(url, descricao, cpf) values('www.xxxxxxxxxxxx.com','Facebook','22222222222');
insert into redes_sociais(url, descricao, id_curso) values('www.xxxxxxxxxx.com','Facebook','2');

#Almoxarifado
insert into almoxarifado(local_almoxarifado, numero_de_itens,descricao,tipo,cpf)values('Fundos do Deposito',20,'xxxxxx','xxxxxx','55555555555');
insert into almoxarifado(local_almoxarifado, numero_de_itens,descricao,tipo,cpf)values('Proximo a Sala x',12,'xxxxxx','xxxxxx','77777777777');

#Estante
insert into estante(corredor, prateleira)VALUES('1','1');
insert into estante(corredor, prateleira)VALUES('1','2');
insert into estante(corredor, prateleira)VALUES('2','1');

#Produto_Ref
insert into produto_ref(descricao, unidade,cod_barra,marca, tipo, preco_unit) values('xxxxxx',12,'xxxxxx','xxxx','xxxxx',3.20);
insert into produto_ref(descricao, unidade,cod_barra,marca, tipo, preco_unit) values('xxxxxx',12,'xxxxx','xxxx','xxxxx',6.20);
insert into produto_ref(descricao, unidade,cod_barra,marca, tipo, preco_unit) values('xxxxxx',12,'xxxx','xxxx','xxxxx',2.00);
insert into produto_ref(descricao, unidade,cod_barra,marca, tipo, preco_unit) values('xxxxxx',11,'xxxxss','xxxxss','xxxxx',2.00);


#Item Almoxarifado
insert into item_almoxarifado(id_almo,cod,corredor,prateleira,qtd_min,qtd_atual) values(1,3,1,2,3,19);
insert into item_almoxarifado(id_almo,cod,corredor,prateleira,qtd_min,qtd_atual) values(2,1,2,1,2,5);
insert into item_almoxarifado(id_almo,cod,corredor,prateleira,qtd_min,qtd_atual) values(2,2,1,2,2,7);

#Pedido
insert into pedido(data_pedido, dt_atend,cpf) values('2009/02/12','2009/02/13','66666666666');
insert into pedido(data_pedido, dt_atend,cpf) values('2009/02/12','2009/02/13','88888888888');
insert into pedido(data_pedido, dt_atend,cpf) values('2009/02/12','2009/02/13','77777777777');
insert into pedido(data_pedido, dt_atend,cpf) values('2010/06/20','2010/07/20','77777777777');
insert into pedido(data_pedido, dt_atend,cpf) values('2010/06/20','2010/07/20','88888888888');
insert into pedido(data_pedido, dt_atend,cpf) values('2010/06/20','2010/07/20','88888888888');


#Item_Pedido
insert into item_pedido(cod_prod, cod_ped, qtd_solicitada) values (1,2,5);
insert into item_pedido(cod_prod, cod_ped, qtd_solicitada) values (2,2,1);
insert into item_pedido(cod_prod, cod_ped, qtd_solicitada) values (3,1,6);
insert into item_pedido(cod_prod, cod_ped, qtd_solicitada) values (3,2,7);
insert into item_pedido(cod_prod, cod_ped, qtd_solicitada) values (1,4,2);
insert into item_pedido(cod_prod, cod_ped, qtd_solicitada) values (3,5,4);
insert into item_pedido(cod_prod, cod_ped, qtd_solicitada) values (2,6,5);


#Candidato
insert into candidato(cpf, nome, telefone, email, data_candidato) values('11111111111','Joao1','55 81 99111-1111', 'joao1@gmail.com','2005/01/01');
insert into candidato(cpf, nome, telefone, email, data_candidato) values('10101010103','Maria2','55 81 99111-1013', 'maria2@gmail.com','2005/01/01');
insert into candidato(cpf, nome, telefone, email, data_candidato) values('22222222222','Joao2','55 81 99111-1112', 'joao2@gmail.com','2000/01/01');

#Candidato Vestibular
insert into candidato_vestibular(cpf, codigo, data_can_vest, nota, situacao) values('11111111111',2,'2005/01/01',700,'Aprovado');
insert into candidato_vestibular(cpf, codigo, data_can_vest, nota, situacao) values('10101010103',2,'2005/01/01',650,'Aprovado');
insert into candidato_vestibular(cpf, codigo, data_can_vest, nota, situacao) values('22222222222',2,'2000/01/01',900,'Aprovado');

#Candidato Curso
insert into candidato_curso(cpf, codigo, data_can_curso) values ('11111111111',2,'2006/01/01');
insert into candidato_curso(cpf, codigo, data_can_curso) values ('10101010103',1,'2006/01/01');
insert into candidato_curso(cpf, codigo, data_can_curso) values ('22222222222',2,'2001/01/01');

#Aluno Turma
insert into aluno_turma(cpf, codigo) values('33333333333',2);
insert into aluno_turma(cpf, codigo) values('11111111111','2');
insert into aluno_turma(cpf, codigo) values('10101010103','3');
insert into aluno_turma(cpf, codigo) values('10101010102',2);
insert into aluno_turma(cpf, codigo) values('10101010101',2);
insert into aluno_turma(cpf, codigo) values('10101010100',1);


#Professor Material
insert into professor_material (cpf,id, data_p_m) values('22222222222',1,'2005/06/12');
insert into professor_material (cpf,id, data_p_m) values('44444444444',2,'2005/03/10');

#Monitor Material
insert into professor_material (cpf,id, data_p_m) values('44444444444',3,'2005/03/10');

#professor area
insert into professor_area(cpf, codigo) values('10101010105',1);
insert into professor_area(cpf, codigo) values('10101010106',1);
insert into professor_area(cpf, codigo) values('10101010104',2);
insert into professor_area(cpf, codigo) values('22222222222',3);
insert into professor_area(cpf, codigo) values('44444444444',4);

#assunto avaliacao
insert into assunto_avalia (cod_assunto, cod_aval) values(1,1);
insert into assunto_avalia (cod_assunto, cod_aval) values(2,1);
insert into assunto_avalia (cod_assunto, cod_aval) values(3,2);

#avaliacao questao
insert into avaliacao_questao(codigo, id) values(1,1);
insert into avaliacao_questao(codigo, id) values(2,1);

#aviso turma
insert into aviso_turma(numero_aviso, codigo) values(1,1);
insert into aviso_turma(numero_aviso, codigo) values(2,1);
insert into aviso_turma(numero_aviso, codigo) values(3,2);

#aviso curso
insert into aviso_curso(numero_aviso,codigo) values(3,1);
insert into aviso_curso(numero_aviso,codigo) values(3,2);

#aluno_avaliacao_oferta_disciplina
insert into aluno_avaliacao_oferta_disciplina(id_disciplina, id_periodo, cpf, codigo, nota) values(2,1,'11111111111',1,7.6);
insert into aluno_avaliacao_oferta_disciplina(id_disciplina, id_periodo, cpf, codigo, nota) values(1,1,'10101010102',1,5.6);
insert into aluno_avaliacao_oferta_disciplina(id_disciplina, id_periodo, cpf, codigo, nota) values(1,1,'10101010102',3,7.6);


